timestamp,ldr_value
2024-01-01 06:00:00,295
2024-01-01 06:00:30,362
2024-01-01 06:01:00,0
2024-01-01 06:01:30,269
2024-01-01 06:02:00,247
2024-01-01 06:02:30,381
2024-01-01 06:03:00,259
2024-01-01 06:03:30,320
2024-01-01 06:04:00,687
2024-01-01 06:04:30,242
2024-01-01 06:05:00,147
2024-01-01 06:05:30,226
2024-01-01 06:06:00,197
2024-01-01 06:06:30,304
2024-01-01 06:07:00,314
2024-01-01 06:07:30,189
2024-01-01 06:08:00,127
2024-01-01 06:08:30,419
2024-01-01 06:09:00,123
2024-01-01 06:09:30,347
2024-01-01 06:10:00,331
2024-01-01 06:10:30,284
2024-01-01 06:11:00,282
2024-01-01 06:11:30,283
2024-01-01 06:12:00,260
2024-01-01 06:12:30,344
2024-01-01 06:13:00,202
2024-01-01 06:13:30,154
2024-01-01 06:14:00,474
2024-01-01 06:14:30,395
2024-01-01 06:15:00,199
2024-01-01 06:15:30,337
2024-01-01 06:16:00,553
2024-01-01 06:16:30,378
2024-01-01 06:17:00,58
2024-01-01 06:17:30,112
2024-01-01 06:18:00,271
2024-01-01 06:18:30,185
2024-01-01 06:19:00,343
2024-01-01 06:19:30,318
2024-01-01 06:20:00,195
2024-01-01 06:20:30,70
2024-01-01 06:21:00,179
2024-01-01 06:21:30,322
2024-01-01 06:22:00,349
2024-01-01 06:22:30,186
2024-01-01 06:23:00,0
2024-01-01 06:23:30,51
2024-01-01 06:24:00,309
2024-01-01 06:24:30,193
2024-01-01 06:25:00,196
2024-01-01 06:25:30,109
2024-01-01 06:26:00,107
2024-01-01 06:26:30,376
2024-01-01 06:27:00,315
2024-01-01 06:27:30,160
2024-01-01 06:28:00,260
2024-01-01 06:28:30,284
2024-01-01 06:29:00,490
2024-01-01 06:29:30,96
2024-01-01 06:30:00,282
2024-01-01 06:30:30,375
2024-01-01 06:31:00,469
2024-01-01 06:31:30,154
2024-01-01 06:32:00,191
2024-01-01 06:32:30,452
2024-01-01 06:33:00,97
2024-01-01 06:33:30,375
2024-01-01 06:34:00,687
2024-01-01 06:34:30,101
2024-01-01 06:35:00,290
2024-01-01 06:35:30,187
2024-01-01 06:36:00,228
2024-01-01 06:36:30,273
2024-01-01 06:37:00,94
2024-01-01 06:37:30,177
2024-01-01 06:38:00,292
2024-01-01 06:38:30,269
2024-01-01 06:39:00,175
2024-01-01 06:39:30,105
2024-01-01 06:40:00,569
2024-01-01 06:40:30,375
2024-01-01 06:41:00,389
2024-01-01 06:41:30,226
2024-01-01 06:42:00,151
2024-01-01 06:42:30,181
2024-01-01 06:43:00,58
2024-01-01 06:43:30,486
2024-01-01 06:44:00,232
2024-01-01 06:44:30,445
2024-01-01 06:45:00,188
2024-01-01 06:45:30,314
2024-01-01 06:46:00,277
2024-01-01 06:46:30,44
2024-01-01 06:47:00,508
2024-01-01 06:47:30,192
2024-01-01 06:48:00,83
2024-01-01 06:48:30,346
2024-01-01 06:49:00,249
2024-01-01 06:49:30,300
2024-01-01 06:50:00,263
2024-01-01 06:50:30,0
2024-01-01 06:51:00,123
2024-01-01 06:51:30,118
2024-01-01 06:52:00,387
2024-01-01 06:52:30,254
2024-01-01 06:53:00,323
2024-01-01 06:53:30,200
2024-01-01 06:54:00,330
2024-01-01 06:54:30,226
2024-01-01 06:55:00,216
2024-01-01 06:55:30,276
2024-01-01 06:56:00,263
2024-01-01 06:56:30,627
2024-01-01 06:57:00,122
2024-01-01 06:57:30,30
2024-01-01 06:58:00,297
2024-01-01 06:58:30,140
2024-01-01 06:59:00,0
2024-01-01 06:59:30,90
2024-01-01 07:00:00,1023
2024-01-01 07:00:30,524
2024-01-01 07:01:00,348
2024-01-01 07:01:30,1023
2024-01-01 07:02:00,480
2024-01-01 07:02:30,305
2024-01-01 07:03:00,768
2024-01-01 07:03:30,502
2024-01-01 07:04:00,855
2024-01-01 07:04:30,624
2024-01-01 07:05:00,318
2024-01-01 07:05:30,406
2024-01-01 07:06:00,902
2024-01-01 07:06:30,770
2024-01-01 07:07:00,700
2024-01-01 07:07:30,763
2024-01-01 07:08:00,1023
2024-01-01 07:08:30,1014
2024-01-01 07:09:00,547
2024-01-01 07:09:30,492
2024-01-01 07:10:00,752
2024-01-01 07:10:30,351
2024-01-01 07:11:00,790
2024-01-01 07:11:30,605
2024-01-01 07:12:00,710
2024-01-01 07:12:30,679
2024-01-01 07:13:00,730
2024-01-01 07:13:30,186
2024-01-01 07:14:00,735
2024-01-01 07:14:30,625
2024-01-01 07:15:00,765
2024-01-01 07:15:30,393
2024-01-01 07:16:00,634
2024-01-01 07:16:30,489
2024-01-01 07:17:00,960
2024-01-01 07:17:30,1023
2024-01-01 07:18:00,787
2024-01-01 07:18:30,787
2024-01-01 07:19:00,640
2024-01-01 07:19:30,560
2024-01-01 07:20:00,464
2024-01-01 07:20:30,661
2024-01-01 07:21:00,850
2024-01-01 07:21:30,846
2024-01-01 07:22:00,686
2024-01-01 07:22:30,596
2024-01-01 07:23:00,827
2024-01-01 07:23:30,497
2024-01-01 07:24:00,387
2024-01-01 07:24:30,931
2024-01-01 07:25:00,241
2024-01-01 07:25:30,714
2024-01-01 07:26:00,1023
2024-01-01 07:26:30,160
2024-01-01 07:27:00,995
2024-01-01 07:27:30,869
2024-01-01 07:28:00,862
2024-01-01 07:28:30,746
2024-01-01 07:29:00,754
2024-01-01 07:29:30,670
2024-01-01 07:30:00,776
2024-01-01 07:30:30,488
2024-01-01 07:31:00,996
2024-01-01 07:31:30,535
2024-01-01 07:32:00,868
2024-01-01 07:32:30,965
2024-01-01 07:33:00,629
2024-01-01 07:33:30,658
2024-01-01 07:34:00,1020
2024-01-01 07:34:30,721
2024-01-01 07:35:00,379
2024-01-01 07:35:30,379
2024-01-01 07:36:00,787
2024-01-01 07:36:30,72
2024-01-01 07:37:00,710
2024-01-01 07:37:30,366
2024-01-01 07:38:00,852
2024-01-01 07:38:30,806
2024-01-01 07:39:00,664
2024-01-01 07:39:30,864
2024-01-01 07:40:00,335
2024-01-01 07:40:30,865
2024-01-01 07:41:00,440
2024-01-01 07:41:30,439
2024-01-01 07:42:00,643
2024-01-01 07:42:30,917
2024-01-01 07:43:00,686
2024-01-01 07:43:30,680
2024-01-01 07:44:00,718
2024-01-01 07:44:30,581
2024-01-01 07:45:00,522
2024-01-01 07:45:30,860
2024-01-01 07:46:00,225
2024-01-01 07:46:30,794
2024-01-01 07:47:00,333
2024-01-01 07:47:30,578
2024-01-01 07:48:00,486
2024-01-01 07:48:30,785
2024-01-01 07:49:00,765
2024-01-01 07:49:30,964
2024-01-01 07:50:00,404
2024-01-01 07:50:30,633
2024-01-01 07:51:00,776
2024-01-01 07:51:30,769
2024-01-01 07:52:00,1023
2024-01-01 07:52:30,732
2024-01-01 07:53:00,530
2024-01-01 07:53:30,694
2024-01-01 07:54:00,533
2024-01-01 07:54:30,285
2024-01-01 07:55:00,608
2024-01-01 07:55:30,1023
2024-01-01 07:56:00,507
2024-01-01 07:56:30,618
2024-01-01 07:57:00,737
2024-01-01 07:57:30,632
2024-01-01 07:58:00,471
2024-01-01 07:58:30,1023
2024-01-01 07:59:00,986
2024-01-01 07:59:30,816
2024-01-01 08:00:00,665
2024-01-01 08:00:30,786
2024-01-01 08:01:00,833
2024-01-01 08:01:30,773
2024-01-01 08:02:00,790
2024-01-01 08:02:30,887
2024-01-01 08:03:00,632
2024-01-01 08:03:30,400
2024-01-01 08:04:00,879
2024-01-01 08:04:30,399
2024-01-01 08:05:00,591
2024-01-01 08:05:30,786
2024-01-01 08:06:00,793
2024-01-01 08:06:30,640
2024-01-01 08:07:00,682
2024-01-01 08:07:30,768
2024-01-01 08:08:00,562
2024-01-01 08:08:30,1023
2024-01-01 08:09:00,522
2024-01-01 08:09:30,661
2024-01-01 08:10:00,365
2024-01-01 08:10:30,751
2024-01-01 08:11:00,627
2024-01-01 08:11:30,162
2024-01-01 08:12:00,827
2024-01-01 08:12:30,929
2024-01-01 08:13:00,542
2024-01-01 08:13:30,534
2024-01-01 08:14:00,664
2024-01-01 08:14:30,228
2024-01-01 08:15:00,841
2024-01-01 08:15:30,777
2024-01-01 08:16:00,759
2024-01-01 08:16:30,682
2024-01-01 08:17:00,549
2024-01-01 08:17:30,451
2024-01-01 08:18:00,341
2024-01-01 08:18:30,766
2024-01-01 08:19:00,546
2024-01-01 08:19:30,271
2024-01-01 08:20:00,809
2024-01-01 08:20:30,381
2024-01-01 08:21:00,520
2024-01-01 08:21:30,409
2024-01-01 08:22:00,949
2024-01-01 08:22:30,772
2024-01-01 08:23:00,468
2024-01-01 08:23:30,589
2024-01-01 08:24:00,464
2024-01-01 08:24:30,747
2024-01-01 08:25:00,455
2024-01-01 08:25:30,1023
2024-01-01 08:26:00,615
2024-01-01 08:26:30,443
2024-01-01 08:27:00,595
2024-01-01 08:27:30,748
2024-01-01 08:28:00,803
2024-01-01 08:28:30,954
2024-01-01 08:29:00,572
2024-01-01 08:29:30,147
2024-01-01 08:30:00,378
2024-01-01 08:30:30,415
2024-01-01 08:31:00,538
2024-01-01 08:31:30,276
2024-01-01 08:32:00,990
2024-01-01 08:32:30,706
2024-01-01 08:33:00,285
2024-01-01 08:33:30,617
2024-01-01 08:34:00,491
2024-01-01 08:34:30,1022
2024-01-01 08:35:00,618
2024-01-01 08:35:30,637
2024-01-01 08:36:00,662
2024-01-01 08:36:30,815
2024-01-01 08:37:00,401
2024-01-01 08:37:30,1023
2024-01-01 08:38:00,632
2024-01-01 08:38:30,823
2024-01-01 08:39:00,445
2024-01-01 08:39:30,732
2024-01-01 08:40:00,1023
2024-01-01 08:40:30,420
2024-01-01 08:41:00,763
2024-01-01 08:41:30,735
2024-01-01 08:42:00,635
2024-01-01 08:42:30,696
2024-01-01 08:43:00,631
2024-01-01 08:43:30,358
2024-01-01 08:44:00,796
2024-01-01 08:44:30,187
2024-01-01 08:45:00,754
2024-01-01 08:45:30,436
2024-01-01 08:46:00,769
2024-01-01 08:46:30,777
2024-01-01 08:47:00,777
2024-01-01 08:47:30,863
2024-01-01 08:48:00,950
2024-01-01 08:48:30,612
2024-01-01 08:49:00,294
2024-01-01 08:49:30,615
2024-01-01 08:50:00,79
2024-01-01 08:50:30,71
2024-01-01 08:51:00,507
2024-01-01 08:51:30,659
2024-01-01 08:52:00,343
2024-01-01 08:52:30,909
2024-01-01 08:53:00,517
2024-01-01 08:53:30,655
2024-01-01 08:54:00,225
2024-01-01 08:54:30,697
2024-01-01 08:55:00,456
2024-01-01 08:55:30,837
2024-01-01 08:56:00,495
2024-01-01 08:56:30,925
2024-01-01 08:57:00,400
2024-01-01 08:57:30,992
2024-01-01 08:58:00,215
2024-01-01 08:58:30,789
2024-01-01 08:59:00,809
2024-01-01 08:59:30,443
2024-01-01 09:00:00,80
2024-01-01 09:00:30,900
2024-01-01 09:01:00,495
2024-01-01 09:01:30,719
2024-01-01 09:02:00,1023
2024-01-01 09:02:30,625
2024-01-01 09:03:00,702
2024-01-01 09:03:30,496
2024-01-01 09:04:00,1023
2024-01-01 09:04:30,515
2024-01-01 09:05:00,827
2024-01-01 09:05:30,949
2024-01-01 09:06:00,390
2024-01-01 09:06:30,283
2024-01-01 09:07:00,444
2024-01-01 09:07:30,1023
2024-01-01 09:08:00,751
2024-01-01 09:08:30,702
2024-01-01 09:09:00,481
2024-01-01 09:09:30,712
2024-01-01 09:10:00,565
2024-01-01 09:10:30,878
2024-01-01 09:11:00,749
2024-01-01 09:11:30,659
2024-01-01 09:12:00,199
2024-01-01 09:12:30,802
2024-01-01 09:13:00,469
2024-01-01 09:13:30,911
2024-01-01 09:14:00,707
2024-01-01 09:14:30,483
2024-01-01 09:15:00,775
2024-01-01 09:15:30,919
2024-01-01 09:16:00,451
2024-01-01 09:16:30,280
2024-01-01 09:17:00,750
2024-01-01 09:17:30,574
2024-01-01 09:18:00,619
2024-01-01 09:18:30,754
2024-01-01 09:19:00,603
2024-01-01 09:19:30,467
2024-01-01 09:20:00,327
2024-01-01 09:20:30,706
2024-01-01 09:21:00,942
2024-01-01 09:21:30,779
2024-01-01 09:22:00,474
2024-01-01 09:22:30,549
2024-01-01 09:23:00,634
2024-01-01 09:23:30,578
2024-01-01 09:24:00,707
2024-01-01 09:24:30,681
2024-01-01 09:25:00,773
2024-01-01 09:25:30,870
2024-01-01 09:26:00,893
2024-01-01 09:26:30,602
2024-01-01 09:27:00,706
2024-01-01 09:27:30,702
2024-01-01 09:28:00,784
2024-01-01 09:28:30,833
2024-01-01 09:29:00,411
2024-01-01 09:29:30,716
2024-01-01 09:30:00,866
2024-01-01 09:30:30,618
2024-01-01 09:31:00,229
2024-01-01 09:31:30,844
2024-01-01 09:32:00,348
2024-01-01 09:32:30,655
2024-01-01 09:33:00,694
2024-01-01 09:33:30,889
2024-01-01 09:34:00,384
2024-01-01 09:34:30,948
2024-01-01 09:35:00,199
2024-01-01 09:35:30,533
2024-01-01 09:36:00,618
2024-01-01 09:36:30,637
2024-01-01 09:37:00,564
2024-01-01 09:37:30,795
2024-01-01 09:38:00,777
2024-01-01 09:38:30,670
2024-01-01 09:39:00,575
2024-01-01 09:39:30,358
2024-01-01 09:40:00,484
2024-01-01 09:40:30,779
2024-01-01 09:41:00,575
2024-01-01 09:41:30,931
2024-01-01 09:42:00,507
2024-01-01 09:42:30,972
2024-01-01 09:43:00,636
2024-01-01 09:43:30,723
2024-01-01 09:44:00,666
2024-01-01 09:44:30,666
2024-01-01 09:45:00,653
2024-01-01 09:45:30,701
2024-01-01 09:46:00,933
2024-01-01 09:46:30,761
2024-01-01 09:47:00,469
2024-01-01 09:47:30,375
2024-01-01 09:48:00,877
2024-01-01 09:48:30,940
2024-01-01 09:49:00,628
2024-01-01 09:49:30,113
2024-01-01 09:50:00,0
2024-01-01 09:50:30,790
2024-01-01 09:51:00,514
2024-01-01 09:51:30,603
2024-01-01 09:52:00,699
2024-01-01 09:52:30,1023
2024-01-01 09:53:00,499
2024-01-01 09:53:30,692
2024-01-01 09:54:00,460
2024-01-01 09:54:30,706
2024-01-01 09:55:00,678
2024-01-01 09:55:30,823
2024-01-01 09:56:00,491
2024-01-01 09:56:30,617
2024-01-01 09:57:00,788
2024-01-01 09:57:30,393
2024-01-01 09:58:00,847
2024-01-01 09:58:30,826
2024-01-01 09:59:00,766
2024-01-01 09:59:30,820
2024-01-01 10:00:00,603
2024-01-01 10:00:30,995
2024-01-01 10:01:00,962
2024-01-01 10:01:30,770
2024-01-01 10:02:00,724
2024-01-01 10:02:30,864
2024-01-01 10:03:00,554
2024-01-01 10:03:30,826
2024-01-01 10:04:00,768
2024-01-01 10:04:30,625
2024-01-01 10:05:00,775
2024-01-01 10:05:30,988
2024-01-01 10:06:00,368
2024-01-01 10:06:30,495
2024-01-01 10:07:00,645
2024-01-01 10:07:30,823
2024-01-01 10:08:00,763
2024-01-01 10:08:30,823
2024-01-01 10:09:00,627
2024-01-01 10:09:30,707
2024-01-01 10:10:00,909
2024-01-01 10:10:30,740
2024-01-01 10:11:00,797
2024-01-01 10:11:30,699
2024-01-01 10:12:00,588
2024-01-01 10:12:30,835
2024-01-01 10:13:00,894
2024-01-01 10:13:30,720
2024-01-01 10:14:00,528
2024-01-01 10:14:30,808
2024-01-01 10:15:00,787
2024-01-01 10:15:30,659
2024-01-01 10:16:00,1023
2024-01-01 10:16:30,994
2024-01-01 10:17:00,782
2024-01-01 10:17:30,788
2024-01-01 10:18:00,990
2024-01-01 10:18:30,926
2024-01-01 10:19:00,687
2024-01-01 10:19:30,791
2024-01-01 10:20:00,684
2024-01-01 10:20:30,477
2024-01-01 10:21:00,381
2024-01-01 10:21:30,745
2024-01-01 10:22:00,1023
2024-01-01 10:22:30,331
2024-01-01 10:23:00,786
2024-01-01 10:23:30,722
2024-01-01 10:24:00,420
2024-01-01 10:24:30,830
2024-01-01 10:25:00,580
2024-01-01 10:25:30,858
2024-01-01 10:26:00,568
2024-01-01 10:26:30,409
2024-01-01 10:27:00,894
2024-01-01 10:27:30,926
2024-01-01 10:28:00,819
2024-01-01 10:28:30,480
2024-01-01 10:29:00,428
2024-01-01 10:29:30,960
2024-01-01 10:30:00,997
2024-01-01 10:30:30,469
2024-01-01 10:31:00,720
2024-01-01 10:31:30,926
2024-01-01 10:32:00,404
2024-01-01 10:32:30,700
2024-01-01 10:33:00,317
2024-01-01 10:33:30,1023
2024-01-01 10:34:00,651
2024-01-01 10:34:30,521
2024-01-01 10:35:00,330
2024-01-01 10:35:30,957
2024-01-01 10:36:00,707
2024-01-01 10:36:30,700
2024-01-01 10:37:00,236
2024-01-01 10:37:30,591
2024-01-01 10:38:00,303
2024-01-01 10:38:30,903
2024-01-01 10:39:00,736
2024-01-01 10:39:30,754
2024-01-01 10:40:00,839
2024-01-01 10:40:30,700
2024-01-01 10:41:00,209
2024-01-01 10:41:30,462
2024-01-01 10:42:00,649
2024-01-01 10:42:30,502
2024-01-01 10:43:00,1023
2024-01-01 10:43:30,212
2024-01-01 10:44:00,318
2024-01-01 10:44:30,500
2024-01-01 10:45:00,379
2024-01-01 10:45:30,729
2024-01-01 10:46:00,783
2024-01-01 10:46:30,870
2024-01-01 10:47:00,184
2024-01-01 10:47:30,636
2024-01-01 10:48:00,822
2024-01-01 10:48:30,1006
2024-01-01 10:49:00,582
2024-01-01 10:49:30,1023
2024-01-01 10:50:00,514
2024-01-01 10:50:30,488
2024-01-01 10:51:00,602
2024-01-01 10:51:30,679
2024-01-01 10:52:00,565
2024-01-01 10:52:30,524
2024-01-01 10:53:00,759
2024-01-01 10:53:30,602
2024-01-01 10:54:00,184
2024-01-01 10:54:30,337
2024-01-01 10:55:00,460
2024-01-01 10:55:30,691
2024-01-01 10:56:00,782
2024-01-01 10:56:30,519
2024-01-01 10:57:00,845
2024-01-01 10:57:30,811
2024-01-01 10:58:00,590
2024-01-01 10:58:30,463
2024-01-01 10:59:00,243
2024-01-01 10:59:30,765
2024-01-01 11:00:00,705
2024-01-01 11:00:30,503
2024-01-01 11:01:00,499
2024-01-01 11:01:30,593
2024-01-01 11:02:00,713
2024-01-01 11:02:30,338
2024-01-01 11:03:00,388
2024-01-01 11:03:30,1003
2024-01-01 11:04:00,760
2024-01-01 11:04:30,574
2024-01-01 11:05:00,292
2024-01-01 11:05:30,899
2024-01-01 11:06:00,859
2024-01-01 11:06:30,690
2024-01-01 11:07:00,532
2024-01-01 11:07:30,830
2024-01-01 11:08:00,1007
2024-01-01 11:08:30,625
2024-01-01 11:09:00,278
2024-01-01 11:09:30,1023
2024-01-01 11:10:00,656
2024-01-01 11:10:30,265
2024-01-01 11:11:00,380
2024-01-01 11:11:30,434
2024-01-01 11:12:00,1023
2024-01-01 11:12:30,733
2024-01-01 11:13:00,621
2024-01-01 11:13:30,751
2024-01-01 11:14:00,384
2024-01-01 11:14:30,468
2024-01-01 11:15:00,710
2024-01-01 11:15:30,190
2024-01-01 11:16:00,850
2024-01-01 11:16:30,203
2024-01-01 11:17:00,946
2024-01-01 11:17:30,446
2024-01-01 11:18:00,564
2024-01-01 11:18:30,813
2024-01-01 11:19:00,659
2024-01-01 11:19:30,402
2024-01-01 11:20:00,547
2024-01-01 11:20:30,695
2024-01-01 11:21:00,745
2024-01-01 11:21:30,758
2024-01-01 11:22:00,675
2024-01-01 11:22:30,455
2024-01-01 11:23:00,754
2024-01-01 11:23:30,428
2024-01-01 11:24:00,1023
2024-01-01 11:24:30,540
2024-01-01 11:25:00,787
2024-01-01 11:25:30,493
2024-01-01 11:26:00,765
2024-01-01 11:26:30,883
2024-01-01 11:27:00,649
2024-01-01 11:27:30,436
2024-01-01 11:28:00,1023
2024-01-01 11:28:30,624
2024-01-01 11:29:00,617
2024-01-01 11:29:30,142
2024-01-01 11:30:00,872
2024-01-01 11:30:30,775
2024-01-01 11:31:00,965
2024-01-01 11:31:30,891
2024-01-01 11:32:00,865
2024-01-01 11:32:30,378
2024-01-01 11:33:00,772
2024-01-01 11:33:30,735
2024-01-01 11:34:00,994
2024-01-01 11:34:30,126
2024-01-01 11:35:00,667
2024-01-01 11:35:30,219
2024-01-01 11:36:00,767
2024-01-01 11:36:30,565
2024-01-01 11:37:00,591
2024-01-01 11:37:30,325
2024-01-01 11:38:00,820
2024-01-01 11:38:30,815
2024-01-01 11:39:00,325
2024-01-01 11:39:30,601
2024-01-01 11:40:00,838
2024-01-01 11:40:30,830
2024-01-01 11:41:00,802
2024-01-01 11:41:30,1023
2024-01-01 11:42:00,952
2024-01-01 11:42:30,529
2024-01-01 11:43:00,899
2024-01-01 11:43:30,705
2024-01-01 11:44:00,658
2024-01-01 11:44:30,980
2024-01-01 11:45:00,517
2024-01-01 11:45:30,884
2024-01-01 11:46:00,849
2024-01-01 11:46:30,153
2024-01-01 11:47:00,747
2024-01-01 11:47:30,612
2024-01-01 11:48:00,450
2024-01-01 11:48:30,183
2024-01-01 11:49:00,987
2024-01-01 11:49:30,758
2024-01-01 11:50:00,1003
2024-01-01 11:50:30,411
2024-01-01 11:51:00,678
2024-01-01 11:51:30,993
2024-01-01 11:52:00,1023
2024-01-01 11:52:30,1023
2024-01-01 11:53:00,892
2024-01-01 11:53:30,529
2024-01-01 11:54:00,897
2024-01-01 11:54:30,442
2024-01-01 11:55:00,414
2024-01-01 11:55:30,721
2024-01-01 11:56:00,697
2024-01-01 11:56:30,661
2024-01-01 11:57:00,1023
2024-01-01 11:57:30,621
2024-01-01 11:58:00,789
2024-01-01 11:58:30,722
2024-01-01 11:59:00,855
2024-01-01 11:59:30,875
2024-01-01 12:00:00,765
2024-01-01 12:00:30,576
2024-01-01 12:01:00,575
2024-01-01 12:01:30,629
2024-01-01 12:02:00,764
2024-01-01 12:02:30,842
2024-01-01 12:03:00,586
2024-01-01 12:03:30,965
2024-01-01 12:04:00,657
2024-01-01 12:04:30,278
2024-01-01 12:05:00,1023
2024-01-01 12:05:30,713
2024-01-01 12:06:00,879
2024-01-01 12:06:30,363
2024-01-01 12:07:00,557
2024-01-01 12:07:30,636
2024-01-01 12:08:00,446
2024-01-01 12:08:30,653
2024-01-01 12:09:00,615
2024-01-01 12:09:30,93
2024-01-01 12:10:00,823
2024-01-01 12:10:30,761
2024-01-01 12:11:00,234
2024-01-01 12:11:30,849
2024-01-01 12:12:00,513
2024-01-01 12:12:30,647
2024-01-01 12:13:00,747
2024-01-01 12:13:30,972
2024-01-01 12:14:00,343
2024-01-01 12:14:30,810
2024-01-01 12:15:00,280
2024-01-01 12:15:30,626
2024-01-01 12:16:00,574
2024-01-01 12:16:30,854
2024-01-01 12:17:00,670
2024-01-01 12:17:30,727
2024-01-01 12:18:00,470
2024-01-01 12:18:30,573
2024-01-01 12:19:00,732
2024-01-01 12:19:30,382
2024-01-01 12:20:00,656
2024-01-01 12:20:30,697
2024-01-01 12:21:00,473
2024-01-01 12:21:30,492
2024-01-01 12:22:00,669
2024-01-01 12:22:30,559
2024-01-01 12:23:00,375
2024-01-01 12:23:30,888
2024-01-01 12:24:00,608
2024-01-01 12:24:30,418
2024-01-01 12:25:00,554
2024-01-01 12:25:30,790
2024-01-01 12:26:00,747
2024-01-01 12:26:30,486
2024-01-01 12:27:00,926
2024-01-01 12:27:30,415
2024-01-01 12:28:00,971
2024-01-01 12:28:30,739
2024-01-01 12:29:00,623
2024-01-01 12:29:30,649
2024-01-01 12:30:00,715
2024-01-01 12:30:30,806
2024-01-01 12:31:00,344
2024-01-01 12:31:30,547
2024-01-01 12:32:00,709
2024-01-01 12:32:30,935
2024-01-01 12:33:00,926
2024-01-01 12:33:30,479
2024-01-01 12:34:00,456
2024-01-01 12:34:30,729
2024-01-01 12:35:00,756
2024-01-01 12:35:30,346
2024-01-01 12:36:00,701
2024-01-01 12:36:30,405
2024-01-01 12:37:00,170
2024-01-01 12:37:30,710
2024-01-01 12:38:00,933
2024-01-01 12:38:30,561
2024-01-01 12:39:00,954
2024-01-01 12:39:30,622
2024-01-01 12:40:00,386
2024-01-01 12:40:30,348
2024-01-01 12:41:00,725
2024-01-01 12:41:30,479
2024-01-01 12:42:00,1023
2024-01-01 12:42:30,560
2024-01-01 12:43:00,700
2024-01-01 12:43:30,560
2024-01-01 12:44:00,380
2024-01-01 12:44:30,790
2024-01-01 12:45:00,376
2024-01-01 12:45:30,772
2024-01-01 12:46:00,643
2024-01-01 12:46:30,494
2024-01-01 12:47:00,426
2024-01-01 12:47:30,333
2024-01-01 12:48:00,161
2024-01-01 12:48:30,423
2024-01-01 12:49:00,735
2024-01-01 12:49:30,782
2024-01-01 12:50:00,1023
2024-01-01 12:50:30,740
2024-01-01 12:51:00,601
2024-01-01 12:51:30,234
2024-01-01 12:52:00,1023
2024-01-01 12:52:30,751
2024-01-01 12:53:00,667
2024-01-01 12:53:30,244
2024-01-01 12:54:00,677
2024-01-01 12:54:30,725
2024-01-01 12:55:00,594
2024-01-01 12:55:30,182
2024-01-01 12:56:00,567
2024-01-01 12:56:30,925
2024-01-01 12:57:00,511
2024-01-01 12:57:30,714
2024-01-01 12:58:00,681
2024-01-01 12:58:30,657
2024-01-01 12:59:00,596
2024-01-01 12:59:30,426
2024-01-01 13:00:00,536
2024-01-01 13:00:30,622
2024-01-01 13:01:00,801
2024-01-01 13:01:30,834
2024-01-01 13:02:00,584
2024-01-01 13:02:30,601
2024-01-01 13:03:00,545
2024-01-01 13:03:30,568
2024-01-01 13:04:00,919
2024-01-01 13:04:30,1023
2024-01-01 13:05:00,493
2024-01-01 13:05:30,464
2024-01-01 13:06:00,223
2024-01-01 13:06:30,451
2024-01-01 13:07:00,516
2024-01-01 13:07:30,609
2024-01-01 13:08:00,440
2024-01-01 13:08:30,923
2024-01-01 13:09:00,430
2024-01-01 13:09:30,475
2024-01-01 13:10:00,861
2024-01-01 13:10:30,212
2024-01-01 13:11:00,837
2024-01-01 13:11:30,921
2024-01-01 13:12:00,760
2024-01-01 13:12:30,382
2024-01-01 13:13:00,639
2024-01-01 13:13:30,634
2024-01-01 13:14:00,670
2024-01-01 13:14:30,611
2024-01-01 13:15:00,788
2024-01-01 13:15:30,618
2024-01-01 13:16:00,315
2024-01-01 13:16:30,699
2024-01-01 13:17:00,892
2024-01-01 13:17:30,305
2024-01-01 13:18:00,698
2024-01-01 13:18:30,607
2024-01-01 13:19:00,886
2024-01-01 13:19:30,647
2024-01-01 13:20:00,853
2024-01-01 13:20:30,828
2024-01-01 13:21:00,834
2024-01-01 13:21:30,1011
2024-01-01 13:22:00,654
2024-01-01 13:22:30,711
2024-01-01 13:23:00,782
2024-01-01 13:23:30,717
2024-01-01 13:24:00,648
2024-01-01 13:24:30,519
2024-01-01 13:25:00,702
2024-01-01 13:25:30,400
2024-01-01 13:26:00,292
2024-01-01 13:26:30,429
2024-01-01 13:27:00,571
2024-01-01 13:27:30,407
2024-01-01 13:28:00,475
2024-01-01 13:28:30,778
2024-01-01 13:29:00,831
2024-01-01 13:29:30,982
2024-01-01 13:30:00,324
2024-01-01 13:30:30,835
2024-01-01 13:31:00,747
2024-01-01 13:31:30,587
2024-01-01 13:32:00,461
2024-01-01 13:32:30,334
2024-01-01 13:33:00,1023
2024-01-01 13:33:30,520
2024-01-01 13:34:00,109
2024-01-01 13:34:30,753
2024-01-01 13:35:00,739
2024-01-01 13:35:30,256
2024-01-01 13:36:00,472
2024-01-01 13:36:30,646
2024-01-01 13:37:00,389
2024-01-01 13:37:30,610
2024-01-01 13:38:00,589
2024-01-01 13:38:30,424
2024-01-01 13:39:00,367
2024-01-01 13:39:30,606
2024-01-01 13:40:00,543
2024-01-01 13:40:30,810
2024-01-01 13:41:00,938
2024-01-01 13:41:30,576
2024-01-01 13:42:00,636
2024-01-01 13:42:30,481
2024-01-01 13:43:00,315
2024-01-01 13:43:30,688
2024-01-01 13:44:00,583
2024-01-01 13:44:30,873
2024-01-01 13:45:00,356
2024-01-01 13:45:30,527
2024-01-01 13:46:00,429
2024-01-01 13:46:30,693
2024-01-01 13:47:00,564
2024-01-01 13:47:30,445
2024-01-01 13:48:00,454
2024-01-01 13:48:30,259
2024-01-01 13:49:00,590
2024-01-01 13:49:30,711
2024-01-01 13:50:00,344
2024-01-01 13:50:30,743
2024-01-01 13:51:00,881
2024-01-01 13:51:30,369
2024-01-01 13:52:00,571
2024-01-01 13:52:30,652
2024-01-01 13:53:00,797
2024-01-01 13:53:30,682
2024-01-01 13:54:00,859
2024-01-01 13:54:30,553
2024-01-01 13:55:00,431
2024-01-01 13:55:30,539
2024-01-01 13:56:00,797
2024-01-01 13:56:30,587
2024-01-01 13:57:00,649
2024-01-01 13:57:30,642
2024-01-01 13:58:00,546
2024-01-01 13:58:30,427
2024-01-01 13:59:00,465
2024-01-01 13:59:30,717
2024-01-01 14:00:00,760
2024-01-01 14:00:30,593
2024-01-01 14:01:00,609
2024-01-01 14:01:30,786
2024-01-01 14:02:00,419
2024-01-01 14:02:30,681
2024-01-01 14:03:00,937
2024-01-01 14:03:30,447
2024-01-01 14:04:00,831
2024-01-01 14:04:30,731
2024-01-01 14:05:00,567
2024-01-01 14:05:30,795
2024-01-01 14:06:00,542
2024-01-01 14:06:30,686
2024-01-01 14:07:00,405
2024-01-01 14:07:30,179
2024-01-01 14:08:00,604
2024-01-01 14:08:30,601
2024-01-01 14:09:00,620
2024-01-01 14:09:30,847
2024-01-01 14:10:00,899
2024-01-01 14:10:30,758
2024-01-01 14:11:00,832
2024-01-01 14:11:30,547
2024-01-01 14:12:00,501
2024-01-01 14:12:30,799
2024-01-01 14:13:00,203
2024-01-01 14:13:30,931
2024-01-01 14:14:00,773
2024-01-01 14:14:30,601
2024-01-01 14:15:00,579
2024-01-01 14:15:30,410
2024-01-01 14:16:00,754
2024-01-01 14:16:30,638
2024-01-01 14:17:00,413
2024-01-01 14:17:30,181
2024-01-01 14:18:00,304
2024-01-01 14:18:30,711
2024-01-01 14:19:00,693
2024-01-01 14:19:30,268
2024-01-01 14:20:00,211
2024-01-01 14:20:30,731
2024-01-01 14:21:00,855
2024-01-01 14:21:30,606
2024-01-01 14:22:00,793
2024-01-01 14:22:30,825
2024-01-01 14:23:00,863
2024-01-01 14:23:30,856
2024-01-01 14:24:00,535
2024-01-01 14:24:30,264
2024-01-01 14:25:00,854
2024-01-01 14:25:30,597
2024-01-01 14:26:00,375
2024-01-01 14:26:30,459
2024-01-01 14:27:00,739
2024-01-01 14:27:30,648
2024-01-01 14:28:00,721
2024-01-01 14:28:30,854
2024-01-01 14:29:00,708
2024-01-01 14:29:30,713
2024-01-01 14:30:00,738
2024-01-01 14:30:30,595
2024-01-01 14:31:00,913
2024-01-01 14:31:30,1023
2024-01-01 14:32:00,764
2024-01-01 14:32:30,629
2024-01-01 14:33:00,869
2024-01-01 14:33:30,951
2024-01-01 14:34:00,397
2024-01-01 14:34:30,236
2024-01-01 14:35:00,365
2024-01-01 14:35:30,687
2024-01-01 14:36:00,530
2024-01-01 14:36:30,744
2024-01-01 14:37:00,766
2024-01-01 14:37:30,835
2024-01-01 14:38:00,506
2024-01-01 14:38:30,826
2024-01-01 14:39:00,144
2024-01-01 14:39:30,552
2024-01-01 14:40:00,529
2024-01-01 14:40:30,640
2024-01-01 14:41:00,767
2024-01-01 14:41:30,422
2024-01-01 14:42:00,625
2024-01-01 14:42:30,229
2024-01-01 14:43:00,351
2024-01-01 14:43:30,675
2024-01-01 14:44:00,1023
2024-01-01 14:44:30,230
2024-01-01 14:45:00,707
2024-01-01 14:45:30,328
2024-01-01 14:46:00,702
2024-01-01 14:46:30,537
2024-01-01 14:47:00,664
2024-01-01 14:47:30,820
2024-01-01 14:48:00,641
2024-01-01 14:48:30,297
2024-01-01 14:49:00,858
2024-01-01 14:49:30,246
2024-01-01 14:50:00,702
2024-01-01 14:50:30,680
2024-01-01 14:51:00,402
2024-01-01 14:51:30,546
2024-01-01 14:52:00,541
2024-01-01 14:52:30,746
2024-01-01 14:53:00,815
2024-01-01 14:53:30,755
2024-01-01 14:54:00,484
2024-01-01 14:54:30,1016
2024-01-01 14:55:00,491
2024-01-01 14:55:30,681
2024-01-01 14:56:00,639
2024-01-01 14:56:30,538
2024-01-01 14:57:00,888
2024-01-01 14:57:30,575
2024-01-01 14:58:00,489
2024-01-01 14:58:30,492
2024-01-01 14:59:00,835
2024-01-01 14:59:30,906
2024-01-01 15:00:00,766
2024-01-01 15:00:30,916
2024-01-01 15:01:00,366
2024-01-01 15:01:30,661
2024-01-01 15:02:00,857
2024-01-01 15:02:30,657
2024-01-01 15:03:00,219
2024-01-01 15:03:30,365
2024-01-01 15:04:00,87
2024-01-01 15:04:30,1023
2024-01-01 15:05:00,303
2024-01-01 15:05:30,702
2024-01-01 15:06:00,755
2024-01-01 15:06:30,772
2024-01-01 15:07:00,1023
2024-01-01 15:07:30,383
2024-01-01 15:08:00,928
2024-01-01 15:08:30,614
2024-01-01 15:09:00,885
2024-01-01 15:09:30,313
2024-01-01 15:10:00,601
2024-01-01 15:10:30,147
2024-01-01 15:11:00,773
2024-01-01 15:11:30,1023
2024-01-01 15:12:00,958
2024-01-01 15:12:30,514
2024-01-01 15:13:00,711
2024-01-01 15:13:30,773
2024-01-01 15:14:00,780
2024-01-01 15:14:30,645
2024-01-01 15:15:00,951
2024-01-01 15:15:30,702
2024-01-01 15:16:00,803
2024-01-01 15:16:30,993
2024-01-01 15:17:00,899
2024-01-01 15:17:30,389
2024-01-01 15:18:00,360
2024-01-01 15:18:30,475
2024-01-01 15:19:00,868
2024-01-01 15:19:30,661
2024-01-01 15:20:00,662
2024-01-01 15:20:30,506
2024-01-01 15:21:00,561
2024-01-01 15:21:30,849
2024-01-01 15:22:00,824
2024-01-01 15:22:30,739
2024-01-01 15:23:00,262
2024-01-01 15:23:30,764
2024-01-01 15:24:00,1014
2024-01-01 15:24:30,500
2024-01-01 15:25:00,796
2024-01-01 15:25:30,996
2024-01-01 15:26:00,444
2024-01-01 15:26:30,479
2024-01-01 15:27:00,307
2024-01-01 15:27:30,266
2024-01-01 15:28:00,708
2024-01-01 15:28:30,645
2024-01-01 15:29:00,393
2024-01-01 15:29:30,836
2024-01-01 15:30:00,378
2024-01-01 15:30:30,924
2024-01-01 15:31:00,307
2024-01-01 15:31:30,368
2024-01-01 15:32:00,522
2024-01-01 15:32:30,611
2024-01-01 15:33:00,571
2024-01-01 15:33:30,610
2024-01-01 15:34:00,756
2024-01-01 15:34:30,384
2024-01-01 15:35:00,629
2024-01-01 15:35:30,539
2024-01-01 15:36:00,359
2024-01-01 15:36:30,921
2024-01-01 15:37:00,551
2024-01-01 15:37:30,823
2024-01-01 15:38:00,327
2024-01-01 15:38:30,362
2024-01-01 15:39:00,926
2024-01-01 15:39:30,584
2024-01-01 15:40:00,473
2024-01-01 15:40:30,496
2024-01-01 15:41:00,651
2024-01-01 15:41:30,503
2024-01-01 15:42:00,899
2024-01-01 15:42:30,714
2024-01-01 15:43:00,505
2024-01-01 15:43:30,863
2024-01-01 15:44:00,624
2024-01-01 15:44:30,853
2024-01-01 15:45:00,414
2024-01-01 15:45:30,534
2024-01-01 15:46:00,717
2024-01-01 15:46:30,120
2024-01-01 15:47:00,448
2024-01-01 15:47:30,669
2024-01-01 15:48:00,559
2024-01-01 15:48:30,611
2024-01-01 15:49:00,832
2024-01-01 15:49:30,607
2024-01-01 15:50:00,765
2024-01-01 15:50:30,518
2024-01-01 15:51:00,293
2024-01-01 15:51:30,567
2024-01-01 15:52:00,523
2024-01-01 15:52:30,336
2024-01-01 15:53:00,721
2024-01-01 15:53:30,975
2024-01-01 15:54:00,745
2024-01-01 15:54:30,863
2024-01-01 15:55:00,853
2024-01-01 15:55:30,918
2024-01-01 15:56:00,675
2024-01-01 15:56:30,590
2024-01-01 15:57:00,810
2024-01-01 15:57:30,496
2024-01-01 15:58:00,883
2024-01-01 15:58:30,771
2024-01-01 15:59:00,554
2024-01-01 15:59:30,743
